<?xml version="1.0" encoding="utf-8" ?>
<dwsync>
<file name="pickin_med.jpg" server="www.pageturner.net" local="129034296000000000" remote="129034296000000000" />
<file name="indueseason_med.jpg" server="www.pageturner.net" local="129034296000000000" remote="129034296000000000" />
<file name="lottie_med.jpg" server="www.pageturner.net" local="129034296000000000" remote="129034296000000000" />
<file name="book1.jpg" server="www.pageturner.net" local="129034296000000000" remote="129034296000000000" />
<file name="book2.jpg" server="www.pageturner.net" local="129034296000000000" remote="129034296000000000" />
<file name="book3.jpg" server="www.pageturner.net" local="129034296000000000" remote="129034296000000000" />
<file name="Excerpts.gif" server="www.pageturner.net" local="129034296000000000" remote="129034296000000000" />
<file name="The Author.gif" server="www.pageturner.net" local="129034296000000000" remote="129034296000000000" />
<file name="To Order.gif" server="www.pageturner.net" local="129034296000000000" remote="129034296000000000" />
<file name="logo_sm.gif" server="www.pageturner.net" local="129034296000000000" remote="129034296000000000" />
<file name="sept05.jpg" server="www.pageturner.net" local="129034296000000000" remote="129034296000000000" />
</dwsync>