<?xml version="1.0" encoding="utf-8" ?>
<dwsync>
<file name="2008_banner.jpg" server="www.pageturner.net" local="129034296000000000" remote="129034296000000000" />
<file name="bookcover_emptyenvelope.jpg" server="www.pageturner.net" local="129034296000000000" remote="129034296000000000" />
<file name="12stones.jpg" server="www.pageturner.net" local="129034296000000000" remote="129034296000000000" />
<file name="banner_bg.jpg" server="www.pageturner.net" local="129034296000000000" remote="129034296000000000" />
<file name="bookcover_undertheinfluence.jpg" server="www.pageturner.net" local="129034296000000000" remote="129034296000000000" />
<file name="bannerjeanetta_britt.jpg" server="www.pageturner.net" local="129034296000000000" remote="129034296000000000" />
<file name="bluebanner.jpg" server="www.pageturner.net" local="129034296000000000" remote="129034296000000000" />
<file name="feb03___when_faith_and_prid.jpg" server="www.pageturner.net" local="129034296000000000" remote="129034296000000000" />
<file name="feb03_bg.jpg" server="www.pageturner.net" local="129034296000000000" remote="129034296000000000" />
<file name="feb03a_trilogy.jpg" server="www.pageturner.net" local="129034296000000000" remote="129034296000000000" />
<file name="feb03image.jpg" server="www.pageturner.net" local="129034296000000000" remote="129034296000000000" />
<file name="feb03image1.jpg" server="www.pageturner.net" local="129034296000000000" remote="129034296000000000" />
<file name="feb03new_release.jpg" server="www.pageturner.net" local="129034296000000000" remote="129034296000000000" />
<file name="feb03poems_from_the_fast.jpg" server="www.pageturner.net" local="129034296000000000" remote="129034296000000000" />
<file name="feb03the_trilogy.jpg" server="www.pageturner.net" local="129034296000000000" remote="129034296000000000" />
<file name="feb03twelve_stones.jpg" server="www.pageturner.net" local="129034296000000000" remote="129034296000000000" />
<file name="index.gif" server="www.pageturner.net" local="129034296000000000" remote="129034296000000000" />
<file name="is_single_pixel_gif.gif" server="www.pageturner.net" local="129034296000000000" remote="129034296000000000" />
<file name="layout_bg.jpg" server="www.pageturner.net" local="129034296000000000" remote="129034296000000000" />
<file name="layoutexcerpts.jpg" server="www.pageturner.net" local="129034296000000000" remote="129034296000000000" />
<file name="layoutexcerptsov.jpg" server="www.pageturner.net" local="129034296000000000" remote="129034296000000000" />
<file name="layoutpoems_from_the_fast.jpg" server="www.pageturner.net" local="129034296000000000" remote="129034296000000000" />
<file name="layoutthe_author.jpg" server="www.pageturner.net" local="129034296000000000" remote="129034296000000000" />
<file name="layoutthe_authorov.jpg" server="www.pageturner.net" local="129034296000000000" remote="129034296000000000" />
<file name="layoutto_order.jpg" server="www.pageturner.net" local="129034296000000000" remote="129034296000000000" />
<file name="layoutto_orderov.jpg" server="www.pageturner.net" local="129034296000000000" remote="129034296000000000" />
<file name="new_nav.jpg" server="www.pageturner.net" local="129034296000000000" remote="129034296000000000" />
<file name="nov03in_the_beginning___mur.jpg" server="www.pageturner.net" local="129034296000000000" remote="129034296000000000" />
<file name="nov03in_the_sequel___true_l.jpg" server="www.pageturner.net" local="129034296000000000" remote="129034296000000000" />
<file name="nov03the_trilogy.jpg" server="www.pageturner.net" local="129034296000000000" remote="129034296000000000" />
<file name="nov03twelve_stones.jpg" server="www.pageturner.net" local="129034296000000000" remote="129034296000000000" />
<file name="orangebanner.jpg" server="www.pageturner.net" local="129034296000000000" remote="129034296000000000" />
<file name="purple.jpg" server="www.pageturner.net" local="129034296000000000" remote="129034296000000000" />
<file name="untitled2_bg.jpg" server="www.pageturner.net" local="129034296000000000" remote="129034296000000000" />
<file name="untitled2jeanetta_britt.jpg" server="www.pageturner.net" local="129034296000000000" remote="129034296000000000" />
</dwsync>